"year","quadrant","attitude","field","movement","individuals","region","weight","axis_pa","axis_pu","axis_ie","lat","lon"
"-40000","PxU","I/E","Spirituality","Paleolithic Cave Art & Ritual","Unknown shamans","Global","9","-0.9","0.6","0.0","15.0","10.0"
"-30000","PxP","I/E","Spirituality","Animism (Archaic)","Unknown","Global","9","-0.9","-0.2","0.0","15.0","10.0"
"-30000","PxP","E","Art","Paleolithic Sculpture (Venus figurines)","Unknown","Europe/Asia","7","-0.7","-0.3","0.5","45.0","15.0"
"-25000","AxP","E","Science","Early Tool & Weapon Technology (Flint-knapping)","Unknown","Global","8","0.5","-0.9","0.7","15.0","10.0"
"-15000","PxP","E","Science","Bone & Antler Tool Craft","Unknown","Global","7","-0.5","-0.8","0.7","45.0","15.0"
"-10000","PxP","E","Science","Neolithic Agriculture & Domestication","Unknown","Middle East/Asia","10","-0.6","-0.7","0.8","35.0","38.0"
"-10000","PxP","I/E","Spirituality","Shamanism (Siberian & Central Asian)","Unknown","Central Asia","8","-0.8","0.3","0.0","60.0","80.0"
"-9000","PxP","E","Art","Neolithic Goddess Cultures / Çatalhöyük","Unknown","Anatolia","7","-0.8","-0.2","0.7","37.8","32.5"
"-8000","PxU","E","Spirituality","Proto-Druidic / Celtic Nature Religion","Unknown","Western Europe","6","-0.9","0.4","0.7","52.0","-3.0"
"-7000","PxP","E","Science","Megalithic Architecture & Stone Engineering","Unknown","Western Europe","7","-0.6","-0.5","0.8","51.0","-2.0"
"-6000","PxP","E","Science","Early Pottery & Ceramic Technology","Unknown","Global","8","-0.7","-0.8","0.8","35.0","38.0"
"-5000","PxP","E","Science","Copper & Early Metallurgy (Chalcolithic)","Unknown","Middle East/Europe","8","-0.5","-0.8","0.8","37.0","35.0"
"-4000","AxP","E","Science","Proto-Writing & Accounting (Tokens, Seals)","Unknown Sumerian scribes","Mesopotamia","8","0.5","-0.7","0.9","32.0","44.0"
"-3500","AxP","E","Science","Invention of the Wheel & Axle","Unknown","Mesopotamia","9","0.3","-0.8","0.9","32.0","44.0"
"-3300","AxP","E","Science","Cuneiform Writing System","Unknown Sumerian scribes","Mesopotamia","10","0.7","-0.5","0.9","32.5","44.4"
"-3200","AxP","E","Science","Egyptian Hieroglyphic Writing","Unknown","Egypt","9","0.6","-0.4","0.9","26.0","32.0"
"-3200","PxP","E","Art","Early Bronze Age Art (Sumerian)","Unknown","Mesopotamia","7","-0.6","-0.3","0.8","32.0","44.0"
"-3000","PxP","E","Science","Bronze Metallurgy (Bronze Age)","Unknown","Middle East/Europe","9","-0.5","-0.8","0.8","37.0","35.0"
"-2900","PxU","E","Art","Sumerian Temple Architecture (Ziggurats)","Unknown architects","Mesopotamia","8","-0.8","0.5","0.8","32.5","44.4"
"-2700","PxP","E","Science","Early Textile Weaving & Loom Technology","Unknown","Global","7","-0.6","-0.8","0.8","35.0","38.0"
"-2600","PxP","E","Art","Minoan Art & Fresco Painting","Unknown Cretan artists","Mediterranean","7","-0.7","-0.3","0.8","35.2","25.2"
"-2600","PxP","E","Art","Indus Valley Craft & Seal Art","Unknown","South Asia","7","-0.6","-0.5","0.8","27.0","68.0"
"-3500","PxU","E","Spirituality","Sumerian Religion & Mythology","Unknown priests","Mesopotamia","8","-0.9","0.7","0.8","32.5","44.4"
"-3100","PxP","E","Art","Egyptian Monumental Architecture (Pyramids)","Imhotep, Hemiunu","Egypt","9","-0.7","-0.4","0.9","29.9","31.1"
"-3000","PxU","E","Spirituality","Ancient Egyptian Religion","Imhotep, Thoth (mythic)","Egypt","9","-0.9","0.8","0.8","26.8","30.8"
"-2700","PxP","E","Art","Gilgamesh Epic & Sumerian Literature","Sin-leqi-unninni","Mesopotamia","9","-0.7","0.1","0.8","32.5","44.4"
"-2600","AxP","E","Science","Egyptian Mathematics & Surveying","Unknown scribes","Egypt","7","0.7","-0.6","0.8","26.8","30.8"
"-2500","PxP","E","Science","Egyptian Medicine & Surgery (Edwin Smith Papyrus)","Unknown physicians","Egypt","7","-0.5","-0.6","0.7","26.8","30.8"
"-2000","PxU","I","Art","Egyptian Funerary Art & Book of the Dead","Various scribes","Egypt","8","-0.8","0.6","-0.3","26.8","30.8"
"-1800","AxP","E","Science","Babylonian Astronomy & Mathematics","Unknown","Mesopotamia","8","0.7","-0.3","0.8","32.5","44.4"
"-1800","AxP","E","Philosophy","Code of Hammurabi (Early Law System)","Hammurabi","Mesopotamia","7","0.6","-0.6","0.9","32.5","44.4"
"-1700","PxP","E","Art","Minoan Palace Architecture & Fresco","Unknown Cretan architects","Mediterranean","7","-0.7","-0.3","0.8","35.2","25.2"
"-1500","PxU","I","Spirituality","Ancient Egyptian Hermetism (proto)","Thoth (mythic)","Egypt","7","-0.6","0.7","-0.5","26.8","30.8"
"-1500","PxP","E","Science","Iron Smelting & Iron Metallurgy (early)","Unknown Hittite smiths","Anatolia","9","-0.5","-0.8","0.9","38.0","35.0"
"-1400","PxP","E","Art","Mycenaean Art & Architecture","Unknown Greek craftsmen","Mediterranean","6","-0.6","-0.4","0.8","37.5","22.5"
"-1350","AxU","I","Spirituality","Atenism (Monotheistic Sun Religion)","Akhenaten","Egypt","6","0.3","0.9","-0.7","26.8","30.8"
"-1200","AxP","E","Science","Phoenician Alphabetic Writing System","Unknown Phoenician scribes","Middle East","10","0.8","-0.5","0.9","34.0","36.0"
"-900","PxP","E","Art","Assyrian Palace Reliefs & Court Art","Unknown artists","Mesopotamia","6","-0.5","-0.4","0.8","36.2","43.1"
"-600","AxP","E","Science","Babylonian Astronomical Tablets (MUL.APIN)","Unknown astrologers","Mesopotamia","7","0.8","-0.4","0.8","32.5","44.4"
"-3000","PxU","I/E","Spirituality","Indus Valley Religion & Yoga Proto-Forms","Unknown","South Asia","7","-0.8","0.4","0.0","27.0","68.0"
"-2500","PxP","E","Science","Indus Valley Urban Engineering & Sanitation","Unknown engineers","South Asia","7","-0.5","-0.7","0.8","27.0","68.0"
"-1500","PxU","I/E","Spirituality","Vedic Religion (Rigveda)","Unknown rishis","South Asia","9","-0.8","0.7","0.0","28.6","77.2"
"-1000","PxP","E","Art","Vedic Oral Poetry & Hymn Tradition","Valmiki (later), Unknown rishis","South Asia","8","-0.7","-0.1","0.8","28.6","77.2"
"-900","AxU","I","Spirituality","Upanishadic Philosophy (early Vedanta)","Yajnavalkya, Uddalaka Aruni, Gargi","South Asia","9","0.7","0.8","-0.8","25.0","82.0"
"-700","AxP","E","Science","Vedanga & Early Indian Astronomy (Jyotisha)","Lagadha","South Asia","6","0.6","-0.4","0.8","25.0","82.0"
"-600","PxU","I","Spirituality","Early Tantra (proto-Shaiva)","Unknown siddhas","South Asia","7","-0.8","0.7","-0.7","28.0","77.0"
"-599","PxP","E","Spirituality","Jainism","Mahavira, Parshvanatha","South Asia","7","-0.6","-0.3","0.8","22.3","72.6"
"-563","PxP","I","Spirituality","Early Buddhism (Theravada)","Siddhartha Gautama, Ananda, Sariputta","South Asia","10","-0.6","-0.4","-0.8","27.5","85.3"
"-400","AxP","E","Science","Panini's Sanskrit Grammar (Ashtadhyayi)","Panini","South Asia","8","0.7","-0.6","0.8","34.0","71.5"
"-400","AxP","E","Philosophy","Arthashastra (Political Science)","Kautilya (Chanakya)","South Asia","7","0.7","-0.7","0.8","13.0","77.6"
"-300","AxU","I","Philosophy","Advaita Vedanta (Gaudapada line)","Gaudapada, Adi Shankaracharya","South Asia","9","0.8","0.9","-0.8","13.0","77.6"
"-300","AxP","E","Philosophy","Nyaya-Vaisheshika (Indian Logic & Atomism)","Gautama Aksapada, Kanada","South Asia","7","0.8","-0.6","0.8","25.0","82.0"
"-300","AxP","E","Science","Indian Mathematics (Sulbasutras)","Baudhayana, Apastamba","South Asia","8","0.6","-0.5","0.8","25.0","82.0"
"-200","AxU","I","Philosophy","Samkhya Philosophy (Kapila)","Kapila","South Asia","8","0.8","0.8","-0.8","30.0","76.0"
"-200","AxP","I","Philosophy","Yoga Sutras (Patanjali)","Patanjali","South Asia","8","0.5","-0.3","-0.8","29.0","77.0"
"-200","PxP","E","Art","Sanskrit Epic Literature (Mahabharata, Ramayana)","Vyasa (mythic), Valmiki","South Asia","9","-0.6","-0.1","0.8","25.0","82.0"
"-200","PxP","E","Art","Natyashastra (Indian Aesthetics & Performance Theory)","Bharata Muni","South Asia","8","-0.7","-0.3","0.8","13.0","77.6"
"100","AxU","I","Spirituality","Mahayana Buddhism","Nagarjuna, Asanga, Vasubandhu","South Asia","9","0.6","0.8","-0.7","34.0","72.0"
"200","PxU","E","Spirituality","Shaiva Siddhanta","Tirumular","South Asia","6","-0.8","0.7","0.6","11.0","79.0"
"300","AxP","E","Science","Classical Indian Mathematics (zero, Aryabhata)","Aryabhata, Brahmagupta","South Asia","9","0.7","-0.5","0.8","23.0","72.6"
"400","PxU","E","Spirituality","Bhakti Movement (Early Tamil, Alvars/Nayanmars)","Andal, Manikkavacakar, Appar, Nammalvar","South Asia","8","-0.9","0.6","0.8","10.8","78.7"
"400","PxP","E","Art","Classical Sanskrit Drama & Poetry (Kalidasa)","Kalidasa, Bhasa","South Asia","8","-0.7","-0.2","0.8","23.0","77.0"
"500","AxP","E","Science","Indian Astronomy (Siddhanta tradition)","Varahamihira, Bhaskara I","South Asia","7","0.7","-0.4","0.8","23.0","72.6"
"600","PxU","I","Spirituality","Kashmir Shaivism","Abhinavagupta, Utpaladeva, Kshemaraja","South Asia","7","-0.8","0.8","-0.8","34.1","74.8"
"700","PxU","I","Spirituality","Vajrayana / Tantric Buddhism (introverted streams)","Padmasambhava, Milarepa, Naropa","South/Central Asia","8","-0.7","0.7","-0.9","27.5","85.3"
"700","PxU","E","Spirituality","Vajrayana / Tantric Buddhism (ritual/extroverted streams)","Tilopa, Marpa, various siddhas","South/Central Asia","7","-0.8","0.7","0.8","27.5","85.3"
"700","PxP","E","Science","Ayurvedic Medicine (classical codification)","Charaka, Sushruta, Vagbhata","South Asia","8","-0.5","-0.5","0.7","20.0","78.0"
"800","PxU","E","Spirituality","Shakta Tantrism (Left-hand path, Vamachara)","Various siddhas","South Asia","6","-0.8","0.6","0.7","22.5","88.4"
"900","PxP","E","Art","Chola Bronze Sculpture & Temple Architecture","Unknown craftsmen","South Asia","8","-0.7","-0.3","0.8","10.8","78.7"
"1000","PxU","E","Spirituality","Bhakti Movement (Medieval, North India)","Kabir, Mirabai, Tukaram, Namdev","South Asia","8","-0.9","0.6","0.8","25.6","85.1"
"1100","AxP","E","Science","Indian Mathematics (Bhaskara II, Kerala School proto-calculus)","Bhaskara II, Madhava of Sangamagrama","South Asia","8","0.7","-0.5","0.8","10.0","76.0"
"1200","AxU","I","Philosophy","Vishishtadvaita Vedanta","Ramanuja","South Asia","6","0.6","0.8","-0.8","13.0","80.2"
"1200","AxU","I","Philosophy","Dvaita Vedanta","Madhvacharya","South Asia","5","0.7","0.8","-0.7","13.9","75.7"
"1400","PxP","I","Spirituality","Hatha Yoga (classical texts)","Gorakhnath, Swatmarama","South Asia","7","-0.5","-0.5","-0.8","29.0","77.0"
"1400","PxU","E","Art","Rajput & Mughal Miniature Painting","Various court artists","South Asia","7","-0.7","-0.2","0.8","28.6","77.2"
"1469","PxU","I/E","Spirituality","Sikhism","Guru Nanak, Guru Gobind Singh, Guru Arjan","South Asia","8","-0.8","0.6","0.0","31.5","74.3"
"1486","PxU","E","Spirituality","Gaudiya Vaishnavism (Chaitanya)","Chaitanya Mahaprabhu, Rupa Goswami","South Asia","6","-0.9","0.7","0.8","22.6","88.4"
"1828","AxU","E","Spirituality","Brahmo Samaj (Hindu Reform)","Ram Mohan Roy, Debendranath Tagore","South Asia","6","0.5","0.6","0.8","22.6","88.4"
"1836","PxU","I","Spirituality","Ramakrishna — Mystical Synthesis","Ramakrishna Paramahamsa, Sarada Devi","South Asia","8","-0.9","0.8","-0.8","22.6","88.4"
"1863","AxU","E","Spirituality","Vivekananda — Neo-Vedanta (global mission)","Swami Vivekananda","South Asia/Global","8","0.5","0.8","0.9","22.6","88.4"
"1875","AxU","E","Philosophy","Arya Samaj (Vedic Reform)","Dayananda Saraswati","South Asia","5","0.5","0.7","0.8","28.6","77.2"
"1879","PxP","I","Spirituality","Ramana Maharshi — Self-Inquiry (Atma Vichara)","Ramana Maharshi","South Asia","8","-0.5","-0.1","-0.9","8.7","77.7"
"1893","PxP","I","Spirituality","Nisargadatta Maharaj — Direct Non-Dual Teaching","Nisargadatta Maharaj, Maurice Frydman","South Asia","7","-0.5","0.1","-0.8","18.9","72.8"
"1893","PxU","I","Spirituality","Anandamayi Ma — Spontaneous Devotional Mysticism","Anandamayi Ma","South Asia","6","-0.9","0.7","-0.8","23.8","90.4"
"1900","PxP","I","Spirituality","Sri Aurobindo — Integral Yoga","Sri Aurobindo, The Mother (Mirra Alfassa)","South Asia","7","-0.6","-0.1","-0.8","11.9","79.8"
"1910","PxU","E","Art","Bengal School & Rabindranath Tagore's Aesthetics","Rabindranath Tagore, Abanindranath Tagore","South Asia","8","-0.7","0.4","0.8","22.6","88.4"
"1920","PxP","I","Spirituality","Paramahansa Yogananda — Kriya Yoga (East-West)","Paramahansa Yogananda, Sri Yukteswar","South Asia/Global","7","-0.6","0.3","-0.7","22.6","88.4"
"1920","AxU","E","Philosophy","Gandhi — Satyagraha & Political Philosophy","Mahatma Gandhi","South Asia","9","0.3","0.6","0.8","23.0","72.6"
"1925","AxU","I","Spirituality","J. Krishnamurti — Choiceless Awareness (post-Theosophical)","J. Krishnamurti","South Asia/Global","7","-0.4","-0.2","-0.8","13.0","80.2"
"1920","PxP","E","Spirituality","Modern & Contemporary Yoga Movement","T. Krishnamacharya, B.K.S. Iyengar, Pattabhi Jois, T.K.V. Desikachar","South Asia/Global","8","-0.5","-0.4","0.8","12.3","76.7"
"1950","AxU","E","Philosophy","B.R. Ambedkar — Neo-Buddhism & Dalit Philosophy","B.R. Ambedkar","South Asia","7","0.5","0.6","0.9","18.9","72.8"
"1966","PxU","E","Spirituality","ISKCON / Gaudiya Vaishnavism (global)","Swami Prabhupada","Global","6","-0.8","0.6","0.9","22.6","88.4"
"1970","PxP","I/E","Spirituality","Osho / Rajneesh Movement","Bhagwan Shree Rajneesh (Osho)","South Asia/Global","6","-0.7","0.1","0.0","22.7","75.9"
"-5000","PxP","E","Science","Early Chinese Pottery & Jade Craft (Yangshao)","Unknown","East Asia","7","-0.6","-0.8","0.8","35.0","108.0"
"-3000","AxP","E","Science","Chinese Writing System (Oracle Bone Script)","Unknown Shang scribes","East Asia","9","0.5","-0.4","0.9","35.0","108.0"
"-2700","AxU","I","Philosophy","I Ching (Yijing) — Divination & Cosmology","Fu Xi (mythic), King Wen, Duke of Zhou","East Asia","8","0.4","0.7","-0.7","34.3","108.9"
"-2700","PxP","E","Science","Chinese Bronze Casting & Metallurgy","Unknown craftsmen","East Asia","8","-0.5","-0.8","0.8","35.0","108.0"
"-2600","PxP","E","Science","Traditional Chinese Medicine (proto, Huangdi Neijing)","Huangdi (mythic), Bian Que","East Asia","8","-0.6","-0.5","0.8","35.0","105.0"
"-1600","PxP","E","Art","Shang Dynasty Ritual Bronze Art","Unknown craftsmen","East Asia","7","-0.6","-0.3","0.8","35.0","114.0"
"-1000","PxU","E","Art","Chinese Court Music & Ritual (Zhou Li)","Duke of Zhou (mythic)","East Asia","7","-0.8","0.5","0.8","35.0","113.0"
"-600","PxP","I/E","Spirituality","Proto-Taoism / Chinese Naturalism","Unknown","East Asia","7","-0.7","0.0","0.0","35.0","108.0"
"-551","AxP","E","Philosophy","Confucianism","Kongzi (Confucius), Mencius, Xunzi","East Asia","9","0.5","-0.5","0.9","35.6","116.3"
"-500","PxU","I","Spirituality","Classical Taoism (Laozi, Zhuangzi)","Laozi, Zhuangzi, Liezi","East Asia","9","-0.8","0.7","-0.8","35.0","108.0"
"-400","AxP","E","Science","Chinese Mathematical Classics (Nine Chapters)","Liu Hui","East Asia","7","0.7","-0.6","0.8","32.0","119.0"
"-300","AxP","E","Philosophy","Legalism (Fajia)","Han Fei, Shang Yang, Li Si","East Asia","6","0.7","-0.6","0.9","34.3","108.9"
"-300","AxP","E","Philosophy","Mohism","Mozi","East Asia","5","0.6","-0.5","0.9","34.3","117.0"
"-300","AxU","I","Philosophy","School of Names (Logicians)","Gongsun Long, Hui Shi","East Asia","4","0.7","0.6","-0.5","35.0","108.0"
"-300","PxP","E","Art","Chinese Calligraphy (classical forms)","Wang Xizhi (later)","East Asia","8","-0.6","-0.4","0.8","32.0","119.0"
"-200","AxP","E","Science","Chinese Imperial Science (Han dynasty)","Zhang Heng, Shen Kuo (later)","East Asia","7","0.6","-0.4","0.8","34.3","108.9"
"0","PxP","E","Science","Chinese Papermaking & Printing Technology","Cai Lun, Bi Sheng","East Asia","10","-0.5","-0.8","0.9","35.0","113.0"
"200","PxU","E","Spirituality","Religious Taoism (Daojiao, Way of Celestial Masters)","Zhang Daoling, Ge Hong","East Asia","7","-0.8","0.5","0.7","30.0","108.0"
"300","PxP","E","Art","Chinese Landscape Painting (Shanshui)","Gu Kaizhi, Dong Yuan (later)","East Asia","8","-0.7","-0.3","0.8","30.0","114.0"
"300","PxU","I","Spirituality","Taoist Inner Alchemy (Neidan)","Ge Hong, Wei Boyang, Zhang Boduan","East Asia","7","-0.7","0.5","-0.8","30.0","108.0"
"400","AxP","E","Science","Chinese Gunpowder & Alchemical Science","Unknown Taoist alchemists","East Asia","8","0.4","-0.7","0.8","30.0","108.0"
"500","PxP","I","Spirituality","Chan Buddhism (introverted: sitting, koan)","Bodhidharma, Huineng, Linji Yixuan","East Asia","9","-0.7","-0.3","-0.8","32.0","119.0"
"600","PxP","E","Art","Tang Dynasty Poetry (Golden Age)","Li Bai, Du Fu, Wang Wei","East Asia","9","-0.7","-0.3","0.8","34.3","108.9"
"600","AxP","E","Science","Chinese Astronomy & State Calendar (Tang)","Yi Xing, Li Chunfeng","East Asia","6","0.6","-0.4","0.8","34.3","108.9"
"617","AxU","I","Spirituality","Wonhyo — Korean Buddhist Synthesis (Hwajaeng)","Wonhyo","East Asia","6","0.5","0.7","-0.8","37.6","126.9"
"700","PxP","E","Art","Japanese Court Literature & Poetry (Manyoshu)","Kakinomoto Hitomaro","East Asia","7","-0.6","-0.3","0.8","35.0","135.0"
"774","PxU","I","Spirituality","Shingon Buddhism (Japanese Esoteric)","Kukai (Kobo Daishi)","East Asia","7","-0.8","0.7","-0.8","34.7","135.5"
"800","PxP","I","Art","Heian Court Culture & Aesthetics (Mono no Aware)","Murasaki Shikibu, Sei Shonagon","East Asia","8","-0.7","-0.2","-0.7","35.0","135.0"
"900","AxU","E","Philosophy","Neo-Confucianism (Song dynasty, Zhu Xi school)","Zhu Xi, Cheng Yi, Zhou Dunyi","East Asia","7","0.5","0.6","-0.7","30.0","120.0"
"900","AxP","E","Science","Song Dynasty Technology (printing, compass, gunpowder)","Bi Sheng, Shen Kuo","East Asia","9","0.6","-0.5","0.8","30.0","120.0"
"1000","PxU","E","Spirituality","Pure Land Buddhism (Jodo)","Honen, Shinran","East Asia","7","-0.8","0.6","0.8","35.7","139.7"
"1100","PxP","E","Spirituality","Shinto (classical formalization)","Unknown Shinto priests","East Asia","7","-0.7","-0.3","0.7","35.7","139.7"
"1173","PxP","I","Spirituality","Zen — Soto School (shikantaza, just sitting)","Dogen Zenji","East Asia","8","-0.7","-0.2","-0.9","35.7","139.7"
"1191","PxP","I/E","Spirituality","Zen — Rinzai School (koan, sudden enlightenment)","Eisai, Hakuin Ekaku","East Asia","8","-0.7","-0.1","-0.4","34.7","135.5"
"1200","PxP","E","Spirituality","Nichiren Buddhism","Nichiren Daishonin","East Asia","6","-0.6","-0.2","0.7","35.7","139.7"
"1200","AxU","I","Philosophy","Wang Yangming School (Xinxue, mind-only)","Wang Yangming","East Asia","7","0.5","0.7","-0.7","28.0","120.0"
"1200","PxP","I","Spirituality","Chinul — Korean Seon (sudden-gradual synthesis)","Chinul","East Asia","6","-0.6","-0.1","-0.8","37.6","126.9"
"1300","PxP","E","Art","Japanese Wabi-Sabi Aesthetic (Tea Ceremony)","Sen no Rikyu, Murata Juko","East Asia","7","-0.7","-0.4","0.5","34.7","135.5"
"1300","PxP","E","Art","Japanese Noh Theatre","Zeami Motokiyo, Kan'ami","East Asia","7","-0.7","-0.2","0.7","35.0","135.0"
"1400","PxP","E","Art","Chinese Novel & Fiction (Ming dynasty)","Wu Cheng'en, Luo Guanzhong","East Asia","7","-0.6","-0.4","0.8","32.0","119.0"
"1600","PxP","I/E","Art","Haiku Poetry (Japanese)","Matsuo Basho, Yosa Buson, Kobayashi Issa","East Asia","8","-0.8","-0.5","0.0","35.7","139.7"
"1700","PxP","E","Art","Edo Woodblock Print Art (Ukiyo-e)","Hokusai, Hiroshige, Utamaro","East Asia","8","-0.6","-0.5","0.8","35.7","139.7"
"1700","AxU","I","Philosophy","Kokugaku (Japanese National Learning)","Motoori Norinaga, Hirata Atsutane","East Asia","6","0.3","0.6","-0.8","35.7","139.7"
"1850","AxP","E","Philosophy","Meiji Westernization & Japanese Modernism","Fukuzawa Yukichi, Nishi Amane","East Asia","7","0.5","-0.4","0.9","35.7","139.7"
"1868","AxP","E","Science","Meiji Japanese Science & Technology","Various","East Asia","7","0.6","-0.5","0.9","35.7","139.7"
"1900","AxU","I","Philosophy","Kyoto School (Nishida, Nishitani)","Nishida Kitaro, Tanabe Hajime, Nishitani Keiji","East Asia","7","0.5","0.7","-0.8","35.0","135.5"
"1910","AxU","E","Philosophy","Chinese New Culture / May Fourth Movement","Chen Duxiu, Hu Shi, Lu Xun","East Asia","7","0.6","0.6","0.9","39.9","116.4"
"1920","AxP","E","Philosophy","Chinese Marxism / Mao Zedong Thought","Mao Zedong, Li Dazhao","East Asia","8","0.7","-0.5","0.9","39.9","116.4"
"1950","PxP","I","Spirituality","Tibetan Buddhism (diaspora, global spread)","Dalai Lama XIV, Chogyam Trungpa","Central Asia/Global","8","-0.6","-0.2","-0.6","29.7","91.1"
"1960","AxU","E","Philosophy","New Confucianism (Contemporary)","Mou Zongsan, Tang Junyi, Tu Weiming","East Asia","6","0.5","0.6","0.8","25.0","121.5"
"-1200","AxU","I","Spirituality","Zoroastrianism","Zoroaster (Zarathustra)","Persia","8","0.5","0.9","-0.8","32.4","53.7"
"200","AxU","I","Spirituality","Zurvanism (Zoroastrian offshoot)","Unknown","Persia","4","0.4","0.8","-0.7","32.4","53.7"
"200","PxU","E","Spirituality","Manichaeism","Mani","Persia","6","-0.7","0.7","0.7","32.4","53.7"
"-600","PxU","I/E","Spirituality","Bön Religion (pre-Buddhist Tibet)","Tonpa Shenrab (mythic)","Central Asia","6","-0.8","0.4","0.0","29.7","91.1"
"700","PxU","I","Spirituality","Tibetan Buddhism — Nyingma School","Padmasambhava, Yeshe Tsogyal, Longchenpa","Central Asia","8","-0.8","0.7","-0.8","29.7","91.1"
"1000","PxU","I","Spirituality","Tibetan Buddhism — Kagyu School","Marpa, Milarepa, Gampopa","Central Asia","7","-0.7","0.6","-0.8","29.7","91.1"
"1100","AxU","E","Spirituality","Tibetan Buddhism — Sakya School","Sakya Pandita, Drogon Chogyal Phagpa","Central Asia","6","0.4","0.7","0.7","29.7","91.1"
"1300","AxU","I","Spirituality","Tibetan Buddhism — Gelug School","Tsongkhapa, Dalai Lama I","Central Asia","7","0.4","0.8","-0.7","29.7","91.1"
"1300","PxU","I","Art","Tibetan Thangka Painting Tradition","Unknown artists","Central Asia","6","-0.7","0.5","-0.8","29.7","91.1"
"100","PxU","E","Spirituality","Khmer Hindu-Buddhist Synthesis","Suryavarman II, Jayavarman VII","Southeast Asia","7","-0.7","0.5","0.8","13.4","103.8"
"600","PxP","I","Spirituality","Theravada Buddhism (Southeast Asian)","Unknown monks","Southeast Asia","8","-0.6","-0.3","-0.8","13.8","100.5"
"800","PxP","E","Art","Borobudur & Angkor Temple Architecture","Unknown architects","Southeast Asia","8","-0.7","-0.2","0.8","-7.6","110.2"
"1400","PxU","E","Spirituality","Islam in Southeast Asia (Sufic spread)","Wali Sanga (Nine Saints)","Southeast Asia","7","-0.8","0.5","0.8","-6.2","106.8"
"1700","PxP","E","Art","Indonesian Wayang (Shadow Puppet Theatre)","Various dalang (puppeteers)","Southeast Asia","7","-0.7","-0.2","0.8","-7.6","110.2"
"1900","PxP","E","Art","Gamelan Music Tradition (formalization)","Various Javanese composers","Southeast Asia","6","-0.7","-0.4","0.8","-7.6","110.2"
"-700","PxU","I","Spirituality","Greek Mystery Religions (Eleusinian)","Unknown hierophants","Mediterranean","7","-0.9","0.5","-0.7","38.0","23.4"
"-700","PxP","E","Art","Homeric Epic & Oral Poetry","Homer (mythic)","Mediterranean","9","-0.7","0.0","0.8","38.0","23.4"
"-620","AxU","I","Philosophy","Pre-Socratic Philosophy (Milesian School)","Thales, Anaximander, Anaximenes","Mediterranean","8","0.7","0.7","-0.8","37.8","27.4"
"-570","AxU","I","Philosophy","Pythagoreanism","Pythagoras, Philolaus, Archytas","Mediterranean","8","0.5","0.8","-0.7","39.1","17.1"
"-540","PxP","I","Spirituality","Orphism","Orpheus (mythic), Pythagoras","Mediterranean","6","-0.7","0.3","-0.6","38.0","23.4"
"-500","PxU","E","Spirituality","Dionysian Religion / Bacchism","Unknown priests","Mediterranean","6","-0.9","0.5","0.8","38.0","23.4"
"-500","AxU","I","Philosophy","Heraclitean Philosophy","Heraclitus","Mediterranean","7","0.6","0.8","-0.7","38.3","26.1"
"-490","AxU","I","Philosophy","Eleatic School","Parmenides, Zeno of Elea","Mediterranean","7","0.8","0.9","-0.8","40.0","15.2"
"-460","AxP","I","Science","Greek Atomism","Democritus, Leucippus, Epicurus","Mediterranean","8","0.8","-0.5","-0.7","40.9","25.4"
"-460","PxP","E","Science","Hippocratic Medicine","Hippocrates, Galen","Mediterranean","8","-0.5","-0.7","0.8","37.3","26.1"
"-450","AxP","E","Philosophy","Sophism","Protagoras, Gorgias","Mediterranean","6","0.6","-0.5","0.9","37.9","23.7"
"-399","AxU","E","Philosophy","Socratic Philosophy","Socrates","Mediterranean","9","0.3","0.6","0.9","37.9","23.7"
"-387","AxU","I","Philosophy","Platonic Philosophy","Plato","Mediterranean","10","0.7","0.9","-0.8","37.9","23.7"
"-350","AxP","E","Philosophy","Aristotelianism","Aristotle, Theophrastus","Mediterranean","10","0.7","-0.4","0.8","37.9","23.7"
"-350","PxP","E","Art","Classical Greek Tragedy & Drama","Sophocles, Euripides, Aeschylus, Aristophanes","Mediterranean","9","-0.7","0.0","0.8","37.9","23.7"
"-350","AxP","E","Art","Greek Rhetoric & Dialectic (Aristotle, Cicero)","Aristotle, Cicero, Quintilian","Mediterranean","7","0.6","-0.4","0.8","37.9","23.7"
"-300","AxP","E","Philosophy","Stoicism","Zeno of Citium, Marcus Aurelius, Epictetus, Seneca","Mediterranean","9","0.6","-0.3","0.8","37.9","23.7"
"-300","AxP","I","Philosophy","Epicureanism","Epicurus, Lucretius","Mediterranean","7","0.6","-0.5","-0.7","37.9","23.7"
"-300","PxP","E","Philosophy","Cynicism","Diogenes, Antisthenes","Mediterranean","6","-0.6","-0.4","0.8","37.9","23.7"
"-300","AxU","I","Philosophy","Pyrrhonism / Ancient Skepticism","Pyrrho, Sextus Empiricus","Mediterranean","6","0.5","0.6","-0.7","37.9","23.7"
"-300","AxP","E","Science","Hellenistic Science (Alexandria)","Euclid, Archimedes, Eratosthenes, Hypatia of Alexandria, Hero of Alexandria","Mediterranean","9","0.7","-0.4","0.9","31.2","29.9"
"-200","AxU","I","Philosophy","Middle Platonism","Philo of Alexandria, Plutarch","Mediterranean","6","0.5","0.8","-0.7","37.9","23.7"
"200","AxU","I","Philosophy","Neoplatonism","Plotinus, Porphyry, Iamblichus, Proclus, Hypatia of Alexandria","Mediterranean","9","0.5","0.9","-0.8","41.9","12.5"
"200","PxU","E","Spirituality","Theurgy (Neoplatonic ritual magic)","Iamblichus, Julian the Theurgist","Mediterranean","5","-0.8","0.6","0.7","37.9","23.7"
"-100","AxU","I","Spirituality","Hermetism (Corpus Hermeticum)","Hermes Trismegistus (mythic)","Egypt/Mediterranean","8","0.3","0.8","-0.7","31.2","29.9"
"50","AxU","I","Spirituality","Gnosticism (Sethian)","Unknown, Valentinus","Mediterranean","7","0.5","0.8","-0.8","31.2","29.9"
"100","AxU","I","Spirituality","Valentinian Gnosticism","Valentinus, Ptolemy","Mediterranean","6","0.4","0.8","-0.8","41.9","12.5"
"100","PxU","E","Spirituality","Mandaeism","John the Baptist (symbolic)","Middle East","5","-0.8","0.5","0.7","33.3","44.4"
"200","PxU","I","Spirituality","Nag Hammadi / Coptic Gnosticism","Unknown scribes","Egypt","6","-0.7","0.6","-0.7","26.1","32.7"
"-1800","PxU","I","Spirituality","Proto-Judaism (Patriarchal)","Abraham (mythic)","Middle East","8","-0.8","0.6","-0.7","31.8","35.2"
"-1200","PxU","E","Spirituality","Mosaic Judaism & Torah Tradition","Moses (mythic)","Middle East","9","-0.7","0.5","0.8","31.8","35.2"
"-800","PxU","I","Spirituality","Hebrew Prophetic Tradition","Isaiah, Jeremiah, Ezekiel, Amos","Middle East","8","-0.8","0.6","-0.7","31.8","35.2"
"-400","AxP","E","Spirituality","Rabbinic Judaism (Talmudic)","Hillel, Shammai, Rabbi Akiva, Maimonides","Middle East","8","0.6","-0.4","0.8","31.8","35.2"
"-200","AxU","I","Spirituality","Jewish Apocalypticism / Dead Sea Scrolls","Unknown Essenes","Middle East","6","0.4","0.8","-0.8","31.7","35.5"
"-100","AxU","I","Spirituality","Kabbalah (proto-Merkabah mysticism)","Unknown","Middle East","7","0.3","0.8","-0.8","31.8","35.2"
"30","PxU","E","Spirituality","Early Christianity","Jesus, Paul, Mary Magdalene, Peter","Middle East","10","-0.8","0.6","0.7","31.8","35.2"
"100","AxU","I","Spirituality","Patristic Theology","Origen, Clement of Alexandria, Tertullian","Mediterranean","7","0.5","0.8","-0.7","36.9","28.0"
"300","AxU","I","Philosophy","Christian Neoplatonism","Augustine, Pseudo-Dionysius","Mediterranean","8","0.5","0.8","-0.7","41.9","12.5"
"500","PxU","I","Spirituality","Christian Mysticism (Desert Fathers)","Anthony of Egypt, Evagrius, John Cassian","Middle East","7","-0.8","0.6","-0.8","27.0","31.0"
"600","PxU","E","Spirituality","Islam (Early)","Muhammad, Khadijah, Ali, Aisha","Middle East","10","-0.8","0.6","0.8","21.4","39.8"
"700","AxU","E","Philosophy","Islamic Theology (Kalam)","Al-Ash'ari, Mu'tazilites","Middle East","7","0.5","0.8","0.7","33.5","36.3"
"700","PxU","E","Art","Islamic Architecture & Geometric Art","Unknown architects","Middle East","8","-0.7","0.5","0.8","33.5","36.3"
"800","AxP","E","Philosophy","Islamic Philosophy (Falsafa)","Al-Kindi, Al-Farabi, Ibn Sina (Avicenna)","Middle East","8","0.7","-0.2","0.8","33.5","44.4"
"800","AxP","E","Science","Islamic Golden Age Science","Al-Khwarizmi, Ibn al-Haytham, Al-Biruni, Al-Razi","Middle East","9","0.7","-0.4","0.9","33.5","44.4"
"800","PxU","I","Spirituality","Sufism (Early introverted — Rabia, Hallaj)","Rabia al-Adawiyya, Al-Hallaj","Middle East","8","-0.8","0.7","-0.9","33.3","44.4"
"900","PxU","E","Art","Arabic Calligraphy (sacred art tradition)","Ibn Muqla, Ibn al-Bawwab","Middle East","7","-0.7","0.5","0.8","33.5","36.3"
"1000","PxP","E","Art","Persian Classical Poetry","Ferdowsi, Omar Khayyam, Hafez, Sa'di, Rumi","Persia","9","-0.7","-0.2","0.8","35.7","51.4"
"1100","PxU","E","Spirituality","Sufism (Classical communal — sama, dhikr)","Rumi, Ibn Arabi, Al-Ghazali, Suhrawardi","Middle East","9","-0.9","0.7","0.8","37.9","32.4"
"1100","AxU","I","Spirituality","Kabbalah (Classical, Zohar)","Moses de León, Isaac the Blind, Nachmanides","Mediterranean","7","0.4","0.8","-0.8","37.9","23.7"
"1100","PxP","E","Art","Islamic Miniature Painting (Persian/Mughal)","Kamal ud-Din Behzad, Abu'l Hasan","Persia/South Asia","7","-0.7","-0.2","0.8","35.7","51.4"
"1200","AxP","E","Science","Islamic Medicine (Ibn Rushd, Ibn al-Nafis)","Ibn Rushd (Averroes), Ibn al-Nafis","Middle East","7","0.7","-0.5","0.8","36.7","-4.4"
"1200","AxU","E","Philosophy","Scholasticism","Thomas Aquinas, Duns Scotus, William of Ockham","Europe","8","0.6","0.7","0.8","48.9","2.3"
"1332","AxP","E","Philosophy","Ibn Khaldun — Social Science & Historiography","Ibn Khaldun","North Africa","8","0.7","-0.5","0.8","36.8","3.1"
"1400","PxU","I","Spirituality","Christian Mysticism (Rhineland/Devotio Moderna)","Meister Eckhart, Hildegard of Bingen, Julian of Norwich, Mechthild of Magdeburg, Marguerite Porete, Thomas à Kempis","Europe","8","-0.8","0.7","-0.8","51.5","7.5"
"1400","AxU","I","Philosophy","Islamic Mystical Philosophy (Ishraq / Illuminationism)","Suhrawardi, Mulla Sadra","Persia","6","0.4","0.8","-0.8","35.7","51.4"
"1500","AxU","I","Spirituality","Lurianic Kabbalah","Isaac Luria, Chaim Vital","Middle East","6","0.4","0.8","-0.8","32.7","35.5"
"1517","AxP","E","Spirituality","Protestant Reformation","Martin Luther, Calvin, Zwingli, Melanchthon","Europe","9","0.5","-0.3","0.9","51.8","12.0"
"1521","PxU","I","Spirituality","Ignatian Spirituality / Jesuit Contemplation","Ignatius of Loyola, Francis Xavier","Europe","6","-0.7","0.5","-0.7","40.4","-3.7"
"1600","PxU","I","Spirituality","Hasidism","Ba'al Shem Tov, Nachman of Breslov, Schneur Zalman","Europe","6","-0.8","0.6","-0.7","51.1","17.0"
"-200","PxP","E","Spirituality","Hellenistic Alchemy (proto-chemistry)","Zosimos of Panopolis, Mary the Jewess","Egypt","6","-0.6","-0.4","0.7","31.2","29.9"
"800","PxP","E","Science","Islamic Alchemy (Jabir)","Jabir ibn Hayyan (Geber), Al-Razi","Middle East","7","-0.5","-0.5","0.8","33.5","44.4"
"1200","PxP","E","Spirituality","European Medieval Alchemy","Albertus Magnus, Roger Bacon","Europe","6","-0.6","-0.3","0.7","48.9","2.3"
"1400","PxU","I","Spirituality","Spiritual Alchemy (soul transformation)","Ramon Llull, George Ripley","Europe","6","-0.7","0.6","-0.7","48.9","2.3"
"1500","PxP","E","Science","Paracelsian Alchemy & Iatrochemistry","Paracelsus, Oswald Croll","Europe","7","-0.6","-0.4","0.8","47.6","7.6"
"1575","AxU","I","Spirituality","Hermetic-Alchemical Philosophy (Böhme, Fludd)","Jakob Böhme, Robert Fludd, Thomas Vaughan, John Dee","Europe","6","0.3","0.7","-0.8","51.8","12.0"
"1650","AxP","E","Science","Proto-Chemistry from Alchemy (Boyle)","Robert Boyle, van Helmont","Europe","7","0.6","-0.6","0.8","51.5","-0.1"
"1300","PxP","E","Art","Italian Renaissance Art","Giotto, Botticelli, Leonardo da Vinci, Michelangelo, Raphael","Europe","9","-0.6","-0.3","0.8","43.8","11.2"
"1400","AxU","E","Philosophy","Renaissance Humanism","Petrarch, Erasmus, More, Pico della Mirandola, Christine de Pizan","Europe","8","0.4","0.6","0.8","43.8","11.2"
"1450","AxU","I","Philosophy","Florentine Neoplatonism","Marsilio Ficino, Lorenzo de' Medici","Europe","7","0.5","0.8","-0.8","43.8","11.2"
"1473","AxU","I","Philosophy","Giordano Bruno — Infinite Universe & Hermetic Cosmology","Giordano Bruno","Europe","7","0.3","0.8","-0.7","40.9","14.5"
"1500","AxU","I","Spirituality","Christian Kabbalah","Pico della Mirandola, Reuchlin","Europe","5","0.4","0.7","-0.8","43.8","11.2"
"1510","AxU","I","Spirituality","Hermetic Renaissance (Corpus Hermeticum transmission)","Ficino, Agrippa","Europe","6","0.4","0.7","-0.7","43.8","11.2"
"1540","AxU","I","Spirituality","Rosicrucianism (Manifestos)","Christian Rosenkreuz (mythic), Johann Valentin Andreae, Michael Maier","Europe","6","0.3","0.7","-0.7","48.1","7.7"
"1543","AxU","E","Science","Copernican Revolution","Copernicus, Kepler, Galileo","Europe","10","0.5","0.7","0.8","51.1","17.0"
"1550","PxU","I","Art","Mannerism","Pontormo, El Greco, Bronzino","Europe","5","-0.7","0.5","-0.7","43.8","11.2"
"1600","AxP","E","Science","Scientific Revolution","Francis Bacon, Descartes, Newton, Boyle","Europe","10","0.7","-0.4","0.9","51.5","-0.1"
"1620","AxU","I","Spirituality","Emanuel Swedenborg — Visionary Theology","Emanuel Swedenborg","Europe","6","0.2","0.8","-0.8","59.3","18.1"
"1640","AxP","I","Philosophy","Rationalism (Continental)","Descartes, Spinoza, Leibniz","Europe","9","0.8","-0.2","-0.7","52.4","4.9"
"1650","PxP","E","Spirituality","Quaker Movement & Inner Light Mysticism","George Fox, William Penn","Europe","6","-0.7","0.3","0.7","51.5","-0.1"
"1660","AxP","E","Philosophy","Empiricism (British)","Locke, Hume, Berkeley","Europe","9","0.7","-0.4","0.8","51.5","-0.1"
"1700","AxU","E","Spirituality","Freemasonry (Speculative)","Elias Ashmole, James Anderson","Europe","6","0.3","0.6","0.8","51.5","-0.1"
"1700","PxP","E","Art","Baroque & Rococo Art","Rembrandt, Rubens, Vermeer, Watteau","Europe","7","-0.6","-0.4","0.8","48.9","2.3"
"1750","PxP","E","Science","Franz Anton Mesmer — Mesmerism & Animal Magnetism","Franz Anton Mesmer","Europe","5","-0.6","-0.5","0.8","48.2","16.4"
"-550","AxU","I","Science","Pythagorean Music Theory (Harmony of the Spheres)","Pythagoras, Archytas","Mediterranean","7","0.5","0.8","-0.7","39.1","17.1"
"600","PxU","I","Art","Gregorian Chant & Sacred Music (West)","Pope Gregory I (mythic), Guido d'Arezzo","Europe","8","-0.8","0.6","-0.7","41.9","12.5"
"800","PxU","E","Art","Indian Classical Music (Raga System)","Bharata Muni, Tansen, Tyagaraja","South Asia","9","-0.7","-0.2","0.7","28.6","77.2"
"1600","AxU","I","Art","Western Classical Music Theory (Bach, counterpoint)","J.S. Bach, Fux, Rameau","Europe","9","0.4","0.7","-0.8","51.8","12.0"
"1750","PxP","E","Art","Classical & Romantic Music (Viennese School)","Mozart, Beethoven, Haydn, Schubert","Europe","9","-0.7","-0.3","0.8","48.2","16.4"
"1850","PxU","I","Art","Romantic Orchestral Music & Gesamtkunstwerk","Wagner, Liszt, Mahler, Brahms","Europe","8","-0.8","0.5","-0.6","48.2","16.4"
"1900","AxU","I","Art","Modernist Music (Twelve-Tone, Serialism)","Schoenberg, Berg, Webern","Europe","7","0.4","0.7","-0.7","48.2","16.4"
"1920","PxP","E","Art","Jazz & Blues Tradition","Louis Armstrong, Billie Holiday, Miles Davis, John Coltrane, Nina Simone","North America","9","-0.7","-0.5","0.8","29.9","-90.0"
"1960","PxP","E","Art","Rock, Pop & Counterculture Music","The Beatles, Bob Dylan, Jimi Hendrix","Global","8","-0.8","-0.5","0.9","40.7","-74.0"
"1970","PxP","E","Art","West African & Afrobeat Tradition","Fela Kuti, Youssou N'Dour","Africa","7","-0.8","-0.3","0.9","6.5","3.4"
"-300","AxP","E","Science","Vitruvian Architecture (De Architectura)","Vitruvius","Mediterranean","7","0.5","-0.4","0.8","41.9","12.5"
"1100","PxU","E","Art","Gothic Cathedral Architecture (sacred geometry)","Unknown master builders, Abbot Suger","Europe","8","-0.6","0.6","0.8","48.9","2.3"
"1490","AxU","I","Art","Renaissance Architecture & Sacred Proportion","Brunelleschi, Alberti, Palladio","Europe","7","0.4","0.7","-0.7","43.8","11.2"
"1919","AxP","E","Art","Bauhaus & Functionalist Architecture","Walter Gropius, Mies van der Rohe, Le Corbusier","Europe","8","0.7","-0.5","0.9","51.3","12.4"
"1960","AxU","E","Art","Deconstructivist Architecture","Frank Gehry, Zaha Hadid, Rem Koolhaas","Global","6","0.4","0.6","0.8","40.7","-74.0"
"-500","PxP","I","Science","Chinese Internal Martial Arts (Neijia — Tai Chi, Xingyi, Bagua)","Zhang Sanfeng (mythic), Sun Lutang","East Asia","7","-0.5","-0.6","-0.8","32.0","119.0"
"1200","PxP","I/E","Science","Japanese Budo (Kendo, Judo, Jujutsu)","Various ryu founders, Jigoro Kano","East Asia","7","-0.5","-0.5","0.0","35.7","139.7"
"1883","PxU","I/E","Spirituality","Aikido — Martial Art as Spiritual Practice","Morihei Ueshiba","East Asia","6","-0.7","0.3","0.0","34.7","135.5"
"1100","PxP","E","Art","Medieval European Guild Craft Traditions","Unknown masters","Europe","7","-0.6","-0.7","0.8","48.9","2.3"
"1900","PxP","E","Art","Arts & Crafts Movement","William Morris, John Ruskin","Europe","7","-0.7","-0.6","0.8","51.5","-0.1"
"1920","PxP","E","Art","Mingei (Japanese Folk Craft Philosophy)","Soetsu Yanagi, Shoji Hamada, Bernard Leach","East Asia","6","-0.7","-0.6","0.8","35.7","139.7"
"1890","PxP","E","Science","Psychoanalysis (Freud)","Sigmund Freud","Europe","9","-0.6","-0.4","0.7","48.2","16.4"
"1902","PxP","E","Science","Individual Psychology (Adler)","Alfred Adler","Europe","6","-0.6","-0.4","0.7","48.2","16.4"
"1910","PxP","I","Science","Object Relations & Attachment Theory","Melanie Klein, Winnicott, Bowlby","Europe","7","-0.6","-0.4","-0.7","51.5","-0.1"
"1920","PxU","I","Science","Jungian Depth Psychology","C.G. Jung, Marie-Louise von Franz, James Hillman","Europe","9","-0.7","0.6","-0.8","47.4","8.6"
"1930","AxU","I","Science","Lacanian Psychoanalysis","Jacques Lacan","Europe","7","0.5","0.7","-0.8","48.9","2.3"
"1940","PxP","I","Science","Humanistic Psychology (Maslow, Rogers)","Abraham Maslow, Carl Rogers","North America","7","-0.7","-0.3","-0.7","38.9","-77.0"
"1940","PxP","E","Science","Gestalt Therapy","Fritz Perls, Laura Perls","Europe/N.America","6","-0.7","-0.4","0.7","40.7","-74.0"
"1950","PxP","E","Science","Reich & Somatic Body Work (Orgonomy, Bioenergetics)","Wilhelm Reich, Alexander Lowen","Europe/N.America","6","-0.8","-0.5","0.7","40.7","-74.0"
"1960","PxP","I","Science","Transpersonal Psychology","Stanislav Grof, Abraham Maslow","North America","6","-0.7","-0.2","-0.7","37.3","-122.0"
"1687","AxP","E","Science","Newtonian Physics & Classical Mechanics","Newton, Leibniz","Europe","10","0.8","-0.4","0.9","51.5","-0.1"
"1720","AxP","E","Philosophy","The Enlightenment","Voltaire, Diderot, D'Alembert, Montesquieu","Europe","10","0.7","-0.3","0.9","48.9","2.3"
"1750","PxP","I/E","Art","Romanticism (literary & artistic)","Goethe, Wordsworth, Coleridge, Schiller, Keats","Europe","9","-0.7","-0.2","0.0","51.5","-0.1"
"1755","AxP","E","Philosophy","Scottish Enlightenment","Adam Smith, David Hume, Francis Hutcheson","Europe","7","0.7","-0.4","0.8","55.9","-3.2"
"1762","PxU","I","Philosophy","Rousseau — Nature, Education & Social Contract","Jean-Jacques Rousseau","Europe","8","-0.6","0.4","-0.7","46.2","6.1"
"1770","AxU","I","Philosophy","Kantian Critical Philosophy","Immanuel Kant","Europe","10","0.6","0.8","-0.8","54.7","20.5"
"1800","AxU","I","Philosophy","German Idealism (Fichte, Schelling, Hegel)","Fichte, Schelling, Hegel","Europe","9","0.5","0.8","-0.7","52.5","13.4"
"1800","AxU","I","Spirituality","Naturphilosophie","Schelling, Goethe, Lorenz Oken","Europe","6","0.3","0.7","-0.7","52.5","13.4"
"1813","AxP","E","Philosophy","Machiavelli to Hobbes — Political Realism","Machiavelli, Hobbes, Locke, Burke","Europe","8","0.7","-0.5","0.8","43.8","11.2"
"1820","PxU","I","Art","Romantic Painting (landscape mysticism)","Caspar David Friedrich, Turner, Delacroix","Europe","7","-0.8","0.5","-0.7","52.5","13.4"
"1820","PxU","I","Art","William Blake — Visionary Art & Mythology","William Blake","Europe","7","-0.8","0.6","-0.8","51.5","-0.1"
"1830","AxU","E","Philosophy","Hegelianism & Dialectical Idealism","Hegel, Young Hegelians, Feuerbach","Europe","8","0.5","0.8","0.7","52.5","13.4"
"1830","AxP","E","Philosophy","Positivism (Comte)","Auguste Comte, John Stuart Mill","Europe","7","0.8","-0.4","0.9","48.9","2.3"
"1835","PxU","I","Philosophy","Kierkegaard — Existential Faith & Subjectivity","Søren Kierkegaard","Europe","8","-0.6","0.4","-0.8","55.7","12.6"
"1840","AxP","E","Philosophy","Marxism & Historical Materialism","Marx, Engels, Lenin, Rosa Luxemburg, Gramsci","Europe","9","0.7","-0.5","0.9","51.5","-0.1"
"1840","PxP","E","Art","Realism (Art & Literature)","Courbet, Balzac, Flaubert, Tolstoy","Europe","7","-0.6","-0.6","0.8","48.9","2.3"
"1845","AxP","E","Science","Darwinism & Evolutionary Biology","Darwin, Wallace, Huxley","Europe","10","0.7","-0.4","0.8","51.5","-0.1"
"1850","PxU","I","Art","Symbolism (Art & Poetry)","Baudelaire, Mallarmé, Moreau, Redon","Europe","7","-0.8","0.5","-0.7","48.9","2.3"
"1860","PxP","E","Art","Impressionism","Monet, Manet, Renoir, Degas, Pissarro","Europe","8","-0.7","-0.5","0.8","48.9","2.3"
"1860","AxP","E","Philosophy","Utilitarianism","Bentham, J.S. Mill, Harriet Taylor Mill","Europe","7","0.7","-0.5","0.9","51.5","-0.1"
"1870","AxU","I","Philosophy","Neo-Kantianism","Cohen, Rickert, Windelband","Europe","5","0.6","0.7","-0.7","52.5","13.4"
"1875","AxU","I","Spirituality","Theosophy","H.P. Blavatsky, Henry Olcott, Annie Besant","Europe/Global","7","0.3","0.7","-0.7","51.5","-0.1"
"1880","PxU","I","Philosophy","Nietzschean Philosophy","Friedrich Nietzsche","Europe","9","-0.6","0.5","-0.8","47.4","8.6"
"1880","AxP","E","Science","Classical Thermodynamics & Statistical Mechanics","Boltzmann, Clausius, Maxwell","Europe","8","0.8","-0.4","0.8","52.5","13.4"
"1885","AxP","E","Science","Germ Theory & Microbiology","Pasteur, Koch, Lister","Europe","9","0.7","-0.6","0.8","48.9","2.3"
"1890","PxP","E","Art","Post-Impressionism","Cézanne, Van Gogh, Gauguin, Seurat","Europe","8","-0.7","-0.4","0.8","48.9","2.3"
"1890","AxP","E","Philosophy","Pragmatism","William James, Peirce, Dewey","North America","8","0.6","-0.4","0.8","40.7","-74.0"
"1895","PxU","I","Spirituality","Anthroposophy (Rudolf Steiner)","Rudolf Steiner","Europe","7","-0.6","0.6","-0.7","47.4","8.6"
"1895","AxP","E","Science","Classical Psychology & Psychophysics","Wundt, Helmholtz, Fechner","Europe","7","0.6","-0.5","0.8","52.5","13.4"
"1900","PxU","I","Spirituality","Hermeticism (Modern Revival, Golden Dawn)","Mathers, Westcott, Aleister Crowley","Europe","6","-0.7","0.5","-0.7","51.5","-0.1"
"1900","AxU","I","Philosophy","Phenomenology (Husserl)","Husserl, Heidegger, Edith Stein, Jean-Paul Sartre, Merleau-Ponty","Europe","9","0.5","0.7","-0.8","47.4","8.6"
"1900","AxP","E","Science","Quantum Mechanics (early)","Planck, Bohr, Heisenberg, Schrödinger, Dirac","Europe","10","0.7","-0.2","0.8","52.5","13.4"
"1900","AxP","I","Philosophy","Analytic Philosophy (early, Frege to Russell)","Frege, Russell, Moore, Wittgenstein","Europe","9","0.8","-0.3","-0.7","51.5","-0.1"
"1900","PxU","E","Art","Expressionism","Munch, Kirchner, Nolde, Kokoschka","Europe","7","-0.8","0.4","0.7","52.5","13.4"
"1905","AxU","I","Science","Relativity Theory (Einstein)","Albert Einstein","Europe","10","0.6","0.6","-0.7","52.5","13.4"
"1905","PxP","E","Art","Fauvism","Matisse, Derain","Europe","6","-0.8","-0.4","0.8","48.9","2.3"
"1907","AxU","I","Philosophy","Bergsonism (Duration, Life & Memory)","Henri Bergson","Europe","7","0.4","0.7","-0.7","48.9","2.3"
"1910","AxU","E","Art","Cubism","Picasso, Braque, Léger","Europe","8","0.4","0.5","0.8","48.9","2.3"
"1910","PxU","I","Art","Abstract Art (Kandinsky, spiritual dimension)","Kandinsky, Franz Marc, Paul Klee","Europe","8","-0.7","0.5","-0.7","48.2","11.6"
"1913","PxU","I/E","Spirituality","Gurdjieff's Fourth Way","G.I. Gurdjieff, Ouspensky, Jeanne de Salzmann","Europe/Middle East","6","-0.7","0.3","0.0","48.4","2.7"
"1915","AxP","E","Science","Behaviorism","Watson, Skinner, Pavlov","North America","7","0.7","-0.6","0.9","40.7","-74.0"
"1916","AxP","E","Philosophy","Structural Linguistics (Saussure)","Ferdinand de Saussure","Europe","8","0.7","-0.4","0.8","46.2","6.1"
"1916","PxP","E","Art","Dada","Hugo Ball, Tristan Tzara, Marcel Duchamp","Europe","7","-0.7","-0.5","0.8","46.2","6.1"
"1919","AxP","E","Art","Bauhaus & Functionalist Design","Walter Gropius, Paul Klee, Moholy-Nagy","Europe","8","0.7","-0.5","0.9","51.3","12.4"
"1921","PxU","I","Art","Surrealism","Breton, Dalí, Ernst, Magritte, Kahlo","Europe","8","-0.8","0.4","-0.7","48.9","2.3"
"1923","AxU","E","Philosophy","Frankfurt School / Critical Theory","Horkheimer, Adorno, Benjamin, Marcuse, Habermas, Seyla Benhabib","Europe","8","0.5","0.7","0.7","50.1","8.7"
"1927","AxU","I","Philosophy","Existentialism","Heidegger, Sartre, Camus, Simone de Beauvoir, Merleau-Ponty, Kierkegaard","Europe","9","0.3","0.6","-0.7","48.9","2.3"
"1930","PxP","E","Art","Abstract Expressionism (New York School)","Pollock, de Kooning, Rothko, Kline","North America","8","-0.7","-0.2","0.8","40.7","-74.0"
"1935","AxP","E","Science","Logical Positivism / Vienna Circle","Carnap, Schlick, Neurath","Europe","7","0.9","-0.4","0.9","48.2","16.4"
"1940","AxP","E","Science","Cybernetics (first order)","Norbert Wiener, von Neumann, Shannon","North America","8","0.7","-0.4","0.9","40.7","-74.0"
"1942","PxP","E","Spirituality","Wicca / Modern Paganism","Gerald Gardner, Doreen Valiente","Europe","6","-0.8","0.1","0.7","51.5","-0.1"
"1943","AxP","E","Philosophy","Ordinary Language Philosophy","Wittgenstein (late), Austin, Ryle, Strawson","Europe","6","0.7","-0.4","0.8","51.5","-0.1"
"1945","AxU","E","Philosophy","Structuralism","Saussure, Lévi-Strauss, Jakobson, Roland Barthes, Julia Kristeva","Europe","8","0.6","0.7","0.8","48.9","2.3"
"1950","PxP","I/E","Spirituality","Beat Spirituality / Zen in the West","Kerouac, Ginsberg, Alan Watts","North America","7","-0.7","-0.1","0.0","37.8","-122.4"
"1955","AxP","E","Science","Cognitive Science (early)","Miller, Chomsky, Minsky, Simon","North America","8","0.7","-0.4","0.8","40.7","-74.0"
"1960","PxU","I/E","Spirituality","Psychedelic Movement / Transpersonal Psychology","Timothy Leary, Aldous Huxley, Stanislav Grof","North America","7","-0.8","0.2","0.0","37.8","-122.4"
"1960","AxU","I","Philosophy","Hermeneutics (Gadamer, Ricoeur)","Hans-Georg Gadamer, Paul Ricoeur, Dilthey","Europe","7","0.5","0.7","-0.7","48.1","11.6"
"1962","AxU","I","Philosophy","Post-Structuralism / Deconstruction","Derrida, Foucault, Deleuze, Irigaray, Kristeva, Cixous","Europe","8","0.4","0.7","-0.7","48.9","2.3"
"1962","AxP","E","Science","Philosophy of Science (Kuhn, Popper, Lakatos)","Kuhn, Popper, Lakatos, Feyerabend","Europe/N.America","8","0.7","-0.3","0.8","48.9","2.3"
"1965","PxU","I/E","Spirituality","New Age Movement","Various, David Spangler, Marilyn Ferguson","Global","6","-0.7","0.3","0.0","37.8","-122.4"
"1968","PxP","E","Art","Conceptual Art & Fluxus","Sol LeWitt, Yoko Ono, Joseph Beuys","North America","7","-0.6","-0.4","0.8","40.7","-74.0"
"1970","AxU","E","Science","Second-Order Cybernetics & Systems Theory","Bateson, von Foerster, Maturana, Varela","Global","8","0.5","0.6","0.7","40.7","-74.0"
"1970","AxP","E","Science","Sociobiology / Evolutionary Psychology","Wilson, Dawkins, Trivers","North America","7","0.7","-0.5","0.8","40.7","-74.0"
"1970","PxP","E","Art","Performance Art & Body Art","Marina Abramović, Chris Burden, Carolee Schneemann","Global","6","-0.7","-0.3","0.8","40.7","-74.0"
"1972","AxU","E","Science","Complexity Science & Chaos Theory","Prigogine, Mandelbrot, Lorenz","Global","8","0.5","0.6","0.8","48.9","2.3"
"1975","AxU","I","Philosophy","Enactivism & Embodied Cognition","Maturana, Varela, Thompson, Evan Thompson","Global","7","0.4","0.6","-0.7","37.8","-122.4"
"1975","AxU","I","Spirituality","Integral Philosophy (Ken Wilber)","Ken Wilber","North America","7","0.4","0.7","-0.7","39.7","-105.0"
"1975","PxU","E","Spirituality","Feminist Spirituality / Goddess Revival","Starhawk, Carol P. Christ, Merlin Stone","North America","6","-0.8","0.5","0.7","37.8","-122.4"
"1975","AxU","I","Philosophy","Participatory Epistemology (Ferrer, Tarnas)","Jorge Ferrer, Richard Tarnas","North America","6","0.3","0.6","-0.6","37.8","-122.4"
"1980","AxP","I","Philosophy","Analytic Philosophy of Mind","Dennett, Chalmers, Searle, Nagel","North America","7","0.8","-0.2","-0.7","40.7","-74.0"
"1980","PxP","E","Art","Postmodern Art","Jeff Koons, Cindy Sherman, Basquiat","North America","6","-0.5","-0.4","0.8","40.7","-74.0"
"1985","AxP","E","Science","Evolutionary Biology (evo-devo, extended synthesis)","Gould, Lewontin, Jablonka","Global","7","0.7","-0.4","0.8","51.5","-0.1"
"1990","AxP","E","Science","Neuroscience & Consciousness Studies","Crick, Koch, Damasio, Edelman","Global","8","0.7","-0.4","0.8","40.7","-74.0"
"1990","PxU","E","Philosophy","Ecofeminism & Deep Ecology","Arne Naess, Val Plumwood, Vandana Shiva","Global","6","-0.8","0.4","0.7","59.9","10.7"
"1990","AxU","E","Philosophy","Actor-Network Theory / Latour","Bruno Latour, Michel Callon","Europe","7","0.5","0.5","0.8","48.9","2.3"
"1990","AxP","E","Science","Economics — Austrian School & Institutionalism","Hayek, Mises, Veblen, Keynes","Global","7","0.7","-0.5","0.8","48.2","16.4"
"1990","AxU","I","Philosophy","Cognitive Linguistics (Lakoff, Johnson)","George Lakoff, Mark Johnson","North America","6","0.5","0.6","-0.7","37.8","-122.4"
"1995","AxP","E","Science","Cognitive Neuroscience","Antonio Damasio, Joseph LeDoux, Francis Crick, Wolf Singer, Patricia Churchland","Global","7","0.7","-0.4","0.9","40.7","-74.0"
"2000","AxU","I","Philosophy","Speculative Realism & Object-Oriented Ontology","Meillassoux, Harman, Morton","Global","6","0.4","0.6","-0.7","51.5","-0.1"
"2000","AxU","E","Philosophy","New Materialism & Feminist Philosophy of Science","Karen Barad, Donna Haraway, Stacy Alaimo","Global","6","0.4","0.6","0.7","40.7","-74.0"
"2010","AxP","E","Science","Machine Learning & AI (Deep Learning)","Hinton, LeCun, Bengio, Sutskever","Global","9","0.8","-0.5","0.9","37.8","-122.4"
"2010","PxP","I","Spirituality","Mindfulness & Secular Contemplative Science","Jon Kabat-Zinn, Thich Nhat Hanh, Richard Davidson","Global","7","-0.6","-0.2","-0.7","40.7","-74.0"
"-2500","PxU","E","Spirituality","Ancient Egyptian Theurgy & Ritual Magic","Unknown priests","Africa","7","-0.9","0.6","0.8","26.8","30.8"
"400","AxU","I","Philosophy","Ethiopian Orthodox Theology (Tewahedo)","Frumentius, Yared","Africa","6","0.5","0.7","-0.7","9.1","40.5"
"800","AxU","E","Philosophy","African Islamic Philosophy (West & East Africa)","Ahmad Baba al-Massufi","Africa","6","0.5","0.6","0.7","12.4","-1.7"
"1000","PxP","E","Spirituality","Yoruba Religion / Ifá Divination System","Unknown Babalawo lineages","Africa","7","-0.7","-0.3","0.7","6.9","3.9"
"1200","PxP","E","Art","West African Griot Tradition (oral history/music)","Unknown griots","Africa","8","-0.7","-0.4","0.9","12.4","-1.7"
"1300","PxP","E","Spirituality","Bantu Spiritual Traditions & Ubuntu Philosophy","Unknown","Africa","6","-0.7","-0.2","0.8","-5.0","23.0"
"1600","PxP","E","Spirituality","Vodou (Haitian, Dahomean roots)","Unknown","Caribbean/Africa","6","-0.8","-0.1","0.8","18.9","-72.3"
"1800","PxP","E","Spirituality","Candomblé / African Diaspora Religion","Unknown","Americas","6","-0.8","-0.1","0.8","-12.9","-38.5"
"1850","AxU","E","Philosophy","Pan-Africanism (early)","Edward Blyden, Martin Delany","Africa/Diaspora","7","0.5","0.6","0.8","5.6","-0.2"
"1900","AxU","E","Philosophy","Négritude Movement","Aimé Césaire, Léopold Sédar Senghor","Africa/Diaspora","7","0.4","0.7","0.8","14.7","-17.4"
"1945","AxU","E","Philosophy","African Philosophy (Ubuntu, Sage Philosophy)","Kwame Nkrumah, Julius Nyerere, Alexis Kagame","Africa","6","0.4","0.5","0.8","1.3","36.8"
"1960","AxU","E","Philosophy","African Postcolonial Theory","Frantz Fanon, Chinua Achebe, Wole Soyinka","Africa/Diaspora","8","0.5","0.6","0.8","14.7","-17.4"
"-20000","PxP","I/E","Spirituality","Native American Traditions (general)","Unknown","Americas","8","-0.8","-0.1","0.0","39.5","-98.35"
"-3000","PxU","E","Spirituality","Mesoamerican Religion (Maya cosmology)","Unknown priests","Americas","8","-0.9","0.5","0.8","15.5","-90.3"
"-3000","AxP","E","Science","Maya Mathematics & Calendar System","Unknown astronomers","Americas","8","0.6","-0.4","0.8","15.5","-90.3"
"-2000","PxU","E","Spirituality","Aztec / Mexica Religion","Unknown priests, Tlacaelel","Americas","7","-0.9","0.5","0.8","19.4","-99.1"
"-3000","PxP","I/E","Spirituality","Andean Traditions (Inca/pre-Inca, Pachamama)","Unknown","Americas","7","-0.8","-0.1","0.0","-13.5","-72.0"
"-10000","PxP","I/E","Spirituality","Australian Aboriginal Dreamtime","Unknown","Oceania","7","-0.9","-0.1","0.0","-25.3","131.0"
"-1000","PxP","E","Art","Polynesian Navigation & Oral Tradition","Unknown navigators","Oceania","7","-0.7","-0.5","0.8","-17.7","-149.4"
"1800","AxU","E","Philosophy","Latin American Independence Philosophy","Simón Bolívar, José Martí","Latin America","6","0.4","0.5","0.8","4.7","-74.1"
"1940","PxU","E","Art","Mexican Muralism","Diego Rivera, José Clemente Orozco, David Siqueiros","Latin America","8","-0.7","0.4","0.8","19.4","-99.1"
"1955","PxU","I/E","Art","Magical Realism (Latin American Literature)","Gabriel García Márquez, Jorge Luis Borges, Isabel Allende","Latin America","8","-0.7","0.3","0.0","4.7","-74.1"
"1960","AxU","E","Philosophy","Liberation Philosophy / Theology of Liberation","Gustavo Gutiérrez, Enrique Dussel, Paulo Freire","Latin America","8","0.5","0.6","0.8","-12.0","-77.0"
"1980","AxU","E","Philosophy","Decolonial Theory (Quijano, Mignolo)","Aníbal Quijano, Walter Mignolo, María Lugones, Gloria Anzaldúa","Latin America/Global","7","0.5","0.6","0.8","-12.0","-77.0"
"1960","AxU","E","Philosophy","Islamic Modernism & Reform Thought","Muhammad Iqbal, Sayyid Qutb, Ali Shariati","Middle East/South Asia","7","0.5","0.6","0.8","24.7","46.7"
"1970","AxU","E","Philosophy","Postcolonial Theory (Said, Bhabha, Spivak)","Edward Said, Homi Bhabha, Gayatri Spivak","Global","8","0.5","0.6","0.8","40.7","-74.0"
"1980","PxP","I","Spirituality","Engaged Buddhism (Thich Nhat Hanh, Sulak)","Thich Nhat Hanh, Sulak Sivaraksa","Southeast Asia/Global","7","-0.6","-0.3","-0.7","16.1","107.8"
"1990","AxU","E","Philosophy","Subaltern Studies Group","Ranajit Guha, Partha Chatterjee, Dipesh Chakrabarty","South Asia/Global","6","0.5","0.6","0.8","22.6","88.4"
"1995","AxP","E","Science","Genomics & Human Genome Project","Craig Venter, Francis Collins","Global","8","0.8","-0.5","0.9","38.9","-77.0"
"1950","AxP","I","Philosophy","Analytic Metaphysics (Kripke, Lewis)","Kripke, Lewis, Armstrong","North America","5","0.8","-0.1","-0.8","40.7","-74.0"
"1971","AxP","E","Philosophy","Political Liberalism (Rawls, Dworkin, Nozick)","Rawls, Dworkin, Nozick","North America","7","0.7","-0.4","0.8","40.7","-74.0"
"1980","AxU","E","Philosophy","Communicative Action (Habermas)","Jürgen Habermas","Europe","7","0.5","0.7","0.7","50.1","8.7"
"1980","AxU","E","Philosophy","Hannah Arendt — Political Philosophy & Natality","Hannah Arendt","Europe/N.America","8","0.4","0.6","0.7","40.7","-74.0"
"-150","AxP","E","Science","Galenic Medicine (Humoral Theory)","Galen of Pergamon, Dioscorides","Mediterranean","8","0.6","-0.5","0.8","41.9","12.5"
"900","AxP","E","Science","Unani Medicine (Islamic Galenic synthesis)","Ibn Sina (Canon of Medicine), Al-Razi","Middle East","7","0.5","-0.5","0.8","33.5","44.4"
"1150","PxP","I","Science","Hildegard of Bingen — Viriditas & Sacred Medicine","Hildegard of Bingen","Europe","6","-0.6","-0.4","-0.8","49.7","8.2"
"700","AxU","I","Science","Tibetan Medicine (Gyushi — Four Tantras)","Yuthog Yonten Gonpo","Central Asia","7","0.3","-0.2","-0.6","29.7","91.1"
"1796","PxU","I","Science","Homeopathy (Hahnemann — law of similars)","Samuel Hahnemann","Europe","6","-0.6","0.4","-0.7","51.3","12.4"
"1874","PxP","E","Science","Osteopathy & Chiropractic (somatic epistemology)","Andrew Taylor Still, D.D. Palmer","North America","5","-0.7","-0.5","0.8","38.9","-77.0"
"1920","PxP","E","Science","Anthroposophical Medicine (Steiner)","Rudolf Steiner, Ita Wegman","Europe","5","-0.7","-0.3","0.7","47.4","8.6"
"1887","AxP","E","Science","Durkheim — Sociology of Collective Representations","Émile Durkheim","Europe","8","0.7","-0.4","0.8","48.9","2.3"
"1890","AxU","I","Science","Weber — Ideal Types & Interpretive Sociology","Max Weber","Europe","8","0.5","0.6","-0.7","50.1","8.7"
"1900","AxU","I","Science","Simmel — Sociology of Form & Modernity","Georg Simmel","Europe","7","0.5","0.6","-0.7","52.5","13.4"
"1930","AxP","E","Science","American Sociology (Chicago School)","Dewey, Mead, Park, Jane Addams, Ruth Benedict, Margaret Mead","North America","7","0.6","-0.5","0.9","41.9","-87.6"
"1958","PxP","E","Science","Goffman — Interaction Ritual & Microsociology","Erving Goffman","North America","7","-0.6","-0.5","0.8","43.7","-79.4"
"1970","AxP","E","Science","Bourdieu — Habitus, Field & Social Capital","Pierre Bourdieu","Europe","8","0.6","-0.3","0.8","48.9","2.3"
"-380","PxU","E","Philosophy","Platonic Paideia (Education as Soul-Turning)","Plato, Socrates","Mediterranean","8","-0.6","0.6","0.7","37.9","23.7"
"1762","PxP","E","Philosophy","Rousseau — Emile (Nature-Based Education)","Jean-Jacques Rousseau","Europe","7","-0.7","-0.5","0.7","46.2","6.1"
"1800","PxP","E","Science","Pestalozzi — Intuition-Based Pedagogy","Johann Heinrich Pestalozzi","Europe","6","-0.7","-0.5","0.7","46.9","7.5"
"1837","PxP","E","Science","Froebel — Kindergarten & Play as Learning","Friedrich Froebel","Europe","7","-0.7","-0.5","0.7","51.5","11.4"
"1897","PxP","E","Science","Montessori Education (child-led, embodied learning)","Maria Montessori","Europe","8","-0.7","-0.6","0.8","41.9","12.5"
"1919","PxU","E","Philosophy","Waldorf Education (Steiner)","Rudolf Steiner","Europe","7","-0.7","0.4","0.7","47.4","8.6"
"1968","AxU","E","Philosophy","Freire — Pedagogy of the Oppressed","Paulo Freire","Latin America","8","0.4","0.5","0.8","-15.8","-47.9"
"1917","PxU","I","Philosophy","Rudolf Otto — The Numinous (Das Heilige)","Rudolf Otto","Europe","8","-0.7","0.6","-0.7","51.5","12.0"
"1913","AxU","I","Philosophy","Scheler — Phenomenology of Values & Emotions","Max Scheler","Europe","6","0.5","0.7","-0.7","52.5","13.4"
"1945","PxP","I","Philosophy","Merleau-Ponty — Phenomenology of Perception & Body","Maurice Merleau-Ponty","Europe","8","-0.5","-0.2","-0.7","48.9","2.3"
"1961","PxU","I","Philosophy","Levinas — Ethics as First Philosophy (The Other)","Emmanuel Levinas","Europe","8","-0.7","0.5","-0.8","48.9","2.3"
"1950","AxU","I","Philosophy","Phenomenology of Religion (van der Leeuw, Eliade)","Gerardus van der Leeuw, Mircea Eliade","Europe","7","0.4","0.6","-0.7","52.4","4.9"
"1542","PxU","I","Spirituality","Spanish Mysticism (John of the Cross, Teresa of Ávila)","Teresa of Ávila, John of the Cross, Ignatius of Loyola","Europe","8","-0.8","0.6","-0.9","40.4","-3.7"
"1881","PxU","I","Spirituality","Simone Weil — Mystical Philosophy & Affliction","Simone Weil","Europe","7","-0.7","0.5","-0.8","48.9","2.3"
"1915","AxU","I","Spirituality","Teilhard de Chardin — Evolutionary Mysticism & Noosphere","Pierre Teilhard de Chardin","Europe","8","0.3","0.7","-0.7","48.9","2.3"
"1938","PxP","I","Spirituality","Thomas Merton — Contemplative Writing & East-West Bridge","Thomas Merton","North America","7","-0.7","0.1","-0.8","37.3","-85.2"
"1058","PxU","I","Philosophy","Al-Ghazali — Incoherence of Philosophers & Sufi Turn","Al-Ghazali (Algazel)","Middle East","9","-0.6","0.6","-0.8","36.2","37.2"
"1004","AxU","I","Philosophy","Nasir Khusraw — Ismaili Philosophy & Cosmology","Nasir Khusraw","Persia/Central Asia","5","0.5","0.7","-0.7","39.5","68.8"
"1703","AxU","I","Philosophy","Shah Waliullah of Delhi — Islamic Reform Synthesis","Shah Waliullah Dehlawi","South Asia","6","0.5","0.6","-0.7","28.6","77.2"
"1877","AxU","I","Philosophy","Muhammad Iqbal — Reconstruction of Islamic Thought","Muhammad Iqbal","South Asia","7","0.5","0.7","-0.7","31.5","74.3"
"1256","AxU","I","Spirituality","Ramon Llull — Ars Magna (Universal Logic & Mysticism)","Ramon Llull","Mediterranean","6","0.2","0.7","-0.7","39.6","2.5"
"1810","AxU","I","Spirituality","Eliphas Lévi — Modern Occultism & Kabbalah Synthesis","Eliphas Lévi","Europe","7","0.3","0.7","-0.7","48.9","2.3"
"1866","AxU","I","Spirituality","Papus & Martinist Order","Gérard Encausse (Papus)","Europe","5","0.3","0.6","-0.7","48.9","2.3"
"1875","PxU","I","Spirituality","Dion Fortune — Mystical Qabalah & Western Mysteries","Dion Fortune","Europe","6","-0.6","0.6","-0.7","51.5","-0.1"
"1877","AxU","I","Spirituality","P.D. Ouspensky — Fourth Way Systematization","P.D. Ouspensky","Europe","6","0.3","0.6","-0.7","55.7","37.6"
"1898","PxU","I","Spirituality","Aleister Crowley — Thelema & Magick","Aleister Crowley","Europe","6","-0.7","0.4","-0.7","51.5","-0.1"
"1689","AxP","E","Philosophy","Locke — Political Liberalism & Natural Rights","John Locke","Europe","8","0.7","-0.4","0.8","51.5","-0.1"
"1748","AxP","E","Philosophy","Montesquieu — Separation of Powers","Montesquieu","Europe","8","0.7","-0.4","0.8","48.9","2.3"
"1776","AxP","E","Philosophy","Republican Political Philosophy (Federalist Papers)","Madison, Hamilton, Jefferson","North America","8","0.7","-0.4","0.8","38.9","-77.0"
"1790","AxP","E","Philosophy","Burke — Political Conservatism & Tradition","Edmund Burke","Europe","7","0.6","-0.2","0.8","51.5","-0.1"
"1835","AxP","E","Philosophy","Tocqueville — Democracy & Civil Society","Alexis de Tocqueville","Europe","7","0.6","-0.3","0.8","48.9","2.3"
"1921","AxP","E","Philosophy","Gramsci — Hegemony & Cultural Marxism","Antonio Gramsci","Europe","7","0.6","-0.4","0.8","41.9","12.5"
"1922","AxP","E","Philosophy","Carl Schmitt — Sovereignty & Political Theology","Carl Schmitt","Europe","6","0.7","-0.4","0.8","52.5","13.4"
"1756","AxP","E","Philosophy","Physiocrats — First Systematic Macroeconomics","François Quesnay, Anne-Robert-Jacques Turgot","Europe","6","0.7","-0.5","0.8","48.9","2.3"
"1776","AxP","E","Science","Adam Smith — Political Economy & Invisible Hand","Adam Smith","Europe","9","0.7","-0.4","0.8","55.9","-3.2"
"1817","AxP","E","Science","Classical Economics (Ricardo, Mill)","David Ricardo, John Stuart Mill","Europe","7","0.7","-0.5","0.8","51.5","-0.1"
"1936","AxP","E","Science","Keynesian Economics","John Maynard Keynes","Europe","8","0.7","-0.4","0.8","51.5","-0.1"
"1944","AxP","E","Science","Austrian School Economics (Hayek, Mises)","Friedrich Hayek, Ludwig von Mises","Europe","7","0.8","-0.4","0.8","48.2","16.4"
"1899","AxU","E","Science","Institutional Economics (Veblen, Galbraith)","Thorstein Veblen, John Kenneth Galbraith","North America","6","0.6","0.4","0.8","40.7","-74.0"
"1786","AxP","E","Science","Comparative Philology & Proto-Indo-European","William Jones, Jacob Grimm, Karl Brugmann","Europe","7","0.7","-0.5","0.8","51.5","-0.1"
"1957","AxU","I","Science","Chomsky — Generative Grammar & Universal Language","Noam Chomsky","North America","8","0.6","0.7","-0.8","40.7","-74.0"
"1929","PxP","I","Science","Sapir-Whorf Hypothesis (Linguistic Relativity)","Edward Sapir, Benjamin Lee Whorf","North America","6","-0.5","-0.4","-0.7","40.7","-74.0"
"1864","PxP","E","Science","George Perkins Marsh — First Environmental Science","George Perkins Marsh","North America","6","-0.5","-0.5","0.8","38.9","-77.0"
"1890","PxU","E","Spirituality","John Muir — Wilderness Mysticism & Conservation","John Muir","North America","7","-0.8","0.3","0.7","37.8","-119.5"
"1949","PxU","I","Philosophy","Aldo Leopold — Land Ethic","Aldo Leopold","North America","7","-0.7","0.3","-0.7","44.9","-89.5"
"1979","AxU","E","Science","Lovelock — Gaia Hypothesis","James Lovelock, Lynn Margulis","Europe","7","0.3","0.7","0.8","51.5","-0.1"
"1984","PxP","I","Science","E.O. Wilson — Biophilia Hypothesis","E.O. Wilson","North America","6","-0.5","-0.2","-0.7","42.4","-71.1"
"270","AxU","I","Philosophy","Plotinus — The Enneads (Neoplatonism)","Plotinus","Mediterranean","8","0.5","0.9","-0.9","41.9","12.5"
"-341","AxP","I","Philosophy","Epicurus — Pleasure, Atoms & the Good Life","Epicurus","Mediterranean","7","0.6","-0.5","-0.7","37.9","23.7"
"1842","PxU","I","Philosophy","William James — Radical Empiricism & Religious Experience","William James","North America","8","-0.4","0.3","-0.6","40.7","-74.0"
"1668","AxU","I","Philosophy","Vico — New Science & Historical Epistemology","Giambattista Vico","Europe","7","0.4","0.7","-0.7","40.9","14.5"
"-428","AxU","I","Philosophy","Plato — Theory of Forms & Recollection","Plato","Mediterranean","10","0.6","0.9","-0.8","37.9","23.7"
"354","PxU","I","Philosophy","Augustine — Confessions & Inward Turn","Augustine of Hippo","Mediterranean","8","-0.6","0.6","-0.9","36.7","3.2"
"-500","AxU","I","Philosophy","Laozi — Tao Te Ching","Laozi","East Asia","9","-0.8","0.7","-0.9","35.0","108.0"
"-370","PxU","I","Philosophy","Zhuangzi — Spontaneity & Relativity of Perspectives","Zhuangzi","East Asia","8","-0.8","0.5","-0.8","35.0","108.0"
"1180","AxU","I","Philosophy","Maimonides — Jewish Rationalist Philosophy","Maimonides (Rambam)","Mediterranean","7","0.6","0.8","-0.8","36.7","-4.4"
"1225","AxU","I","Philosophy","Thomas Aquinas — Summa Theologica","Thomas Aquinas","Europe","8","0.6","0.8","-0.7","48.9","2.3"
"-384","AxP","E","Philosophy","Aristotle — Logic, Biology & Practical Philosophy","Aristotle","Mediterranean","10","0.7","-0.3","0.8","37.9","23.7"
"1632","AxU","I","Philosophy","Spinoza — Ethics & Substance Monism","Baruch Spinoza","Europe","8","0.7","0.8","-0.8","52.4","4.9"
"1646","AxU","I","Philosophy","Leibniz — Monadology & Pre-Established Harmony","Gottfried Wilhelm Leibniz","Europe","8","0.6","0.8","-0.8","52.5","13.4"
"1724","AxP","I","Philosophy","Hume — Skeptical Empiricism & Bundle Theory of Self","David Hume","Europe","8","0.7","-0.4","-0.8","55.9","-3.2"
"1813","AxU","I","Philosophy","Schopenhauer — Will, Representation & Pessimism","Arthur Schopenhauer","Europe","8","0.5","0.7","-0.8","50.1","8.7"
"2000","PxP","E","Art","Digital Art & Net Art","Various","Global","5","-0.3","-0.5","0.9","40.7","-74.0"
"-5000","PxP","I/E","Spirituality","African Traditional Religions (general)","Unknown","Africa","8","-0.8","-0.2","0.0","5.0","20.0"
"1920","AxU","I","Philosophy","Process Philosophy / Whitehead","A.N. Whitehead","Europe","7","0.5","0.7","-0.7","42.4","-71.1"
"1330","AxU","I","Philosophy","William of Ockham / Nominalism","William of Ockham, Jean Buridan","Europe","7","0.7","0.4","-0.7","51.5","-0.5"
"1920","PxP","E","Spirituality","Biodynamic Agriculture","Rudolf Steiner, Ehrenfried Pfeiffer","Europe","5","-0.6","-0.6","0.7","47.4","8.6"
"100","AxU","I","Philosophy","Buddhist Abhidharma / Cognitive Psychology","Vasubandhu, Buddhaghosa","South Asia","6","0.4","0.5","-0.8","25.0","82.0"
"1720","PxU","E","Spirituality","Deism & Natural Theology","Voltaire, Thomas Paine, John Toland","Europe","6","0.2","0.6","0.7","48.9","2.3"
"1950","PxP","E","Science","Family Systems Therapy","Gregory Bateson, Murray Bowen, Virginia Satir","North America","6","-0.5","-0.4","0.7","40.7","-74.0"
"1942","PxP","I","Philosophy","Logotherapy (Frankl)","Viktor Frankl","Europe","6","-0.4","-0.2","-0.6","48.2","16.4"
"1998","AxP","E","Science","Positive Psychology","Martin Seligman, Mihaly Csikszentmihalyi","North America","6","0.5","-0.4","0.8","40.7","-74.0"
"2017","AxP","E","Science","Generative AI & Large Language Models","Geoffrey Hinton, Yann LeCun, Ilya Sutskever, Demis Hassabis, Sam Altman","Global/North America","8","0.9","-0.3","0.9","37.8","-122.4"
"1950","AxU","I","Philosophy","Philosophy of Artificial Intelligence","Alan Turing, John Searle, Hubert Dreyfus, John McCarthy, Marvin Minsky","North America/Europe","7","0.7","0.6","-0.6","40.7","-74.0"
"1373","PxU","I","Spirituality","Julian of Norwich — Theology of Divine Love","Julian of Norwich","Europe","6","-0.7","0.7","-0.9","52.6","1.3"
"1250","PxU","I","Spirituality","Women's Mystical Writing (Frauenmystik)","Mechthild of Magdeburg, Hadewijch of Antwerp, Marguerite Porete, Birgitta of Sweden, Catherine of Siena","Europe","7","-0.8","0.8","-0.8","50.9","4.3"
"1792","AxP","E","Philosophy","Liberal Feminism (Wollstonecraft to Suffrage)","Mary Wollstonecraft, Harriet Taylor Mill, J.S. Mill, Elizabeth Cady Stanton, Emmeline Pankhurst","Europe/North America","7","0.6","-0.3","0.9","51.5","-0.1"
"1963","AxU","E","Philosophy","Second-Wave Feminism & Feminist Theory","Simone de Beauvoir, Betty Friedan, Kate Millett, Adrienne Rich, bell hooks, Andrea Dworkin","North America/Europe","8","0.5","0.6","0.8","40.7","-74.0"
"1983","AxU","I","Philosophy","Feminist Epistemology & Standpoint Theory","Sandra Harding, Lorraine Code, Helen Longino, Donna Haraway, Patricia Hill Collins","North America","7","0.5","0.7","-0.6","40.7","-74.0"
"1982","PxU","I","Philosophy","Ethics of Care","Carol Gilligan, Nel Noddings, Virginia Held, Joan Tronto","North America","7","-0.4","0.4","-0.6","40.7","-74.0"
"1983","AxU","E","Spirituality","Womanist Theology & Ethics","Alice Walker, Delores Williams, Katie Cannon, Jacquelyn Grant","North America","6","0.4","0.6","0.7","33.7","-84.4"
"700","PxU","I","Spirituality","Sri Vidya & Goddess Tantra (Devi tradition)","Adi Shankaracharya, Bhaskararaya, Amritananda Natha","South Asia","7","-0.7","0.8","-0.7","11.0","77.0"
"1498","PxU","E","Spirituality","Mirabai — Feminine Devotional Poetry","Mirabai","South Asia","7","-0.8","0.6","0.7","24.6","73.7"
"1854","PxP","E","Science","Nursing & Caring Epistemology","Florence Nightingale, Virginia Henderson, Patricia Benner","Europe/Global","6","-0.5","-0.5","0.7","51.5","-0.1"
"1908","AxU","I","Philosophy","Simone de Beauvoir — Feminist Existentialism","Simone de Beauvoir","Europe","7","0.5","0.6","-0.7","48.9","2.3"
"-2000","PxP","E","Spirituality","Matrilineal Indigenous Traditions (Minangkabau, Mosuo, Khasi)","Unknown","Southeast Asia/East Asia","6","-0.8","-0.3","0.7","0.9","100.4"
"1669","AxU","I","Philosophy","Sor Juana Inés de la Cruz — Colonial Baroque & Feminist Humanism","Sor Juana Inés de la Cruz","Latin America","6","0.5","0.5","-0.7","19.4","-99.1"
"1840","PxU","E","Philosophy","Anarchism (Proudhon, Bakunin, Goldman, Kropotkin)","Pierre-Joseph Proudhon, Mikhail Bakunin, Peter Kropotkin, Emma Goldman","Europe/North America","7","-0.7","0.3","0.8","48.9","2.3"
